,track_name,track_URI,artist_name,artist_info,artist_pop,artist_URI,genres,album,dance,acoustic,energy,instrumental,liveness,loudness,speech,tempo,valence,track_popularity,duration_ms,total_shazamed_count
0,Paint The Town Red,spotify:track:2IGMVunIBsBLtEQyoI1Mu7,Doja Cat,"{'external_urls': {'spotify': 'https://open.spotify.com/artist/06HL4z0CvFAxyc27GXpf02'}, 'followers': {'href': None, 'total': 86581288}, 'genres': ['pop'], 'href': 'https://api.spotify.com/v1/artists/06HL4z0CvFAxyc27GXpf02', 'id': '06HL4z0CvFAxyc27GXpf02', 'images': [{'height': 640, 'url': 'https://i.scdn.co/image/ab6761610000e5eb6a224073987b930f99adc706', 'width': 640}, {'height': 320, 'url': 'https://i.scdn.co/image/ab676161000051746a224073987b930f99adc706', 'width': 320}, {'height': 160, 'url': 'https://i.scdn.co/image/ab6761610000f1786a224073987b930f99adc706', 'width': 160}], 'name': 'Taylor Swift', 'popularity': 100, 'type': 'artist', 'uri': 'spotify:artist:06HL4z0CvFAxyc27GXpf02'}",100,spotify:artist:5cj0lLjcoR7YOSnhnX0Po5,['pop'],Paint The Town Red,0.868,0.269,0.538,3.34E-06,0.0901,-8.603,0.174,99.968,0.732,100,231750,2121628
1,Seven (feat. Latto) (Explicit Ver.),spotify:track:7x9aauaA9cu6tyfpHnqDLo,Jung Kook,"{'external_urls': {'spotify': 'https://open.spotify.com/artist/06HL4z0CvFAxyc27GXpf02'}, 'followers': {'href': None, 'total': 86581288}, 'genres': ['pop'], 'href': 'https://api.spotify.com/v1/artists/06HL4z0CvFAxyc27GXpf02', 'id': '06HL4z0CvFAxyc27GXpf02', 'images': [{'height': 640, 'url': 'https://i.scdn.co/image/ab6761610000e5eb6a224073987b930f99adc706', 'width': 640}, {'height': 320, 'url': 'https://i.scdn.co/image/ab676161000051746a224073987b930f99adc706', 'width': 320}, {'height': 160, 'url': 'https://i.scdn.co/image/ab6761610000f1786a224073987b930f99adc706', 'width': 160}], 'name': 'Taylor Swift', 'popularity': 100, 'type': 'artist', 'uri': 'spotify:artist:06HL4z0CvFAxyc27GXpf02'}",100,spotify:artist:6HaGTQPmzraVmaVxvz6EUc,['pop'],Seven (feat. Latto),0.802,0.311,0.832,0,0.0815,-4.107,0.0434,124.997,0.89,98,185427,1231901
2,vampire,spotify:track:1kuGVB7EU95pJObxwvfwKS,Olivia Rodrigo,"{'external_urls': {'spotify': 'https://open.spotify.com/artist/06HL4z0CvFAxyc27GXpf02'}, 'followers': {'href': None, 'total': 86581288}, 'genres': ['pop'], 'href': 'https://api.spotify.com/v1/artists/06HL4z0CvFAxyc27GXpf02', 'id': '06HL4z0CvFAxyc27GXpf02', 'images': [{'height': 640, 'url': 'https://i.scdn.co/image/ab6761610000e5eb6a224073987b930f99adc706', 'width': 640}, {'height': 320, 'url': 'https://i.scdn.co/image/ab676161000051746a224073987b930f99adc706', 'width': 320}, {'height': 160, 'url': 'https://i.scdn.co/image/ab6761610000f1786a224073987b930f99adc706', 'width': 160}], 'name': 'Taylor Swift', 'popularity': 100, 'type': 'artist', 'uri': 'spotify:artist:06HL4z0CvFAxyc27GXpf02'}",100,spotify:artist:1McMsnEElThX1knmY4oliG,['pop'],GUTS,0.511,0.177,0.532,0,0.291,-5.745,0.0578,138.005,0.35,91,219724,2235173
3,Cruel Summer,spotify:track:1BxfuPKGuaTgP7aM0Bbdwr,Taylor Swift,"{'external_urls': {'spotify': 'https://open.spotify.com/artist/06HL4z0CvFAxyc27GXpf02'}, 'followers': {'href': None, 'total': 86581288}, 'genres': ['pop'], 'href': 'https://api.spotify.com/v1/artists/06HL4z0CvFAxyc27GXpf02', 'id': '06HL4z0CvFAxyc27GXpf02', 'images': [{'height': 640, 'url': 'https://i.scdn.co/image/ab6761610000e5eb6a224073987b930f99adc706', 'width': 640}, {'height': 320, 'url': 'https://i.scdn.co/image/ab676161000051746a224073987b930f99adc706', 'width': 320}, {'height': 160, 'url': 'https://i.scdn.co/image/ab6761610000f1786a224073987b930f99adc706', 'width': 160}], 'name': 'Taylor Swift', 'popularity': 100, 'type': 'artist', 'uri': 'spotify:artist:06HL4z0CvFAxyc27GXpf02'}",100,spotify:artist:06HL4z0CvFAxyc27GXpf02,['pop'],Lover,0.552,0.117,0.702,2.06E-05,0.105,-5.707,0.157,169.994,0.564,99,178427,1476152
4,bad idea right?,spotify:track:3IX0yuEVvDbnqUwMBB3ouC,Olivia Rodrigo,"{'external_urls': {'spotify': 'https://open.spotify.com/artist/06HL4z0CvFAxyc27GXpf02'}, 'followers': {'href': None, 'total': 86581288}, 'genres': ['pop'], 'href': 'https://api.spotify.com/v1/artists/06HL4z0CvFAxyc27GXpf02', 'id': '06HL4z0CvFAxyc27GXpf02', 'images': [{'height': 640, 'url': 'https://i.scdn.co/image/ab6761610000e5eb6a224073987b930f99adc706', 'width': 640}, {'height': 320, 'url': 'https://i.scdn.co/image/ab676161000051746a224073987b930f99adc706', 'width': 320}, {'height': 160, 'url': 'https://i.scdn.co/image/ab6761610000f1786a224073987b930f99adc706', 'width': 160}], 'name': 'Taylor Swift', 'popularity': 100, 'type': 'artist', 'uri': 'spotify:artist:06HL4z0CvFAxyc27GXpf02'}",100,spotify:artist:1McMsnEElThX1knmY4oliG,['pop'],GUTS,0.627,0.00193,0.879,6.87E-06,0.0647,-3.446,0.0955,129.979,0.748,90,184784,234462
5,get him back!,spotify:track:2gyxAWHebV7xPYVxqoi86f,Olivia Rodrigo,"{'external_urls': {'spotify': 'https://open.spotify.com/artist/06HL4z0CvFAxyc27GXpf02'}, 'followers': {'href': None, 'total': 86581288}, 'genres': ['pop'], 'href': 'https://api.spotify.com/v1/artists/06HL4z0CvFAxyc27GXpf02', 'id': '06HL4z0CvFAxyc27GXpf02', 'images': [{'height': 640, 'url': 'https://i.scdn.co/image/ab6761610000e5eb6a224073987b930f99adc706', 'width': 640}, {'height': 320, 'url': 'https://i.scdn.co/image/ab676161000051746a224073987b930f99adc706', 'width': 320}, {'height': 160, 'url': 'https://i.scdn.co/image/ab6761610000f1786a224073987b930f99adc706', 'width': 160}], 'name': 'Taylor Swift', 'popularity': 100, 'type': 'artist', 'uri': 'spotify:artist:06HL4z0CvFAxyc27GXpf02'}",100,spotify:artist:1McMsnEElThX1knmY4oliG,['pop'],GUTS,0.546,0.0135,0.846,0,0.607,-5.719,0.181,162.043,0.74,90,211141,48235
6,QLONA,spotify:track:5RqSsdzTNPX1uzkmlHCFvK,KAROL G,"{'external_urls': {'spotify': 'https://open.spotify.com/artist/06HL4z0CvFAxyc27GXpf02'}, 'followers': {'href': None, 'total': 86581288}, 'genres': ['pop'], 'href': 'https://api.spotify.com/v1/artists/06HL4z0CvFAxyc27GXpf02', 'id': '06HL4z0CvFAxyc27GXpf02', 'images': [{'height': 640, 'url': 'https://i.scdn.co/image/ab6761610000e5eb6a224073987b930f99adc706', 'width': 640}, {'height': 320, 'url': 'https://i.scdn.co/image/ab676161000051746a224073987b930f99adc706', 'width': 320}, {'height': 160, 'url': 'https://i.scdn.co/image/ab6761610000f1786a224073987b930f99adc706', 'width': 160}], 'name': 'Taylor Swift', 'popularity': 100, 'type': 'artist', 'uri': 'spotify:artist:06HL4z0CvFAxyc27GXpf02'}",100,spotify:artist:790FomKkXshlbRYZFtlgla,['pop'],MAÑANA SERÁ BONITO (BICHOTA SEASON),0.841,0.52,0.738,0,0.0892,-7.455,0.307,169.918,0.484,91,172798,425084
7,LALA,spotify:track:7ABLbnD53cQK00mhcaOUVG,Myke Towers,"{'external_urls': {'spotify': 'https://open.spotify.com/artist/06HL4z0CvFAxyc27GXpf02'}, 'followers': {'href': None, 'total': 86581288}, 'genres': ['pop'], 'href': 'https://api.spotify.com/v1/artists/06HL4z0CvFAxyc27GXpf02', 'id': '06HL4z0CvFAxyc27GXpf02', 'images': [{'height': 640, 'url': 'https://i.scdn.co/image/ab6761610000e5eb6a224073987b930f99adc706', 'width': 640}, {'height': 320, 'url': 'https://i.scdn.co/image/ab676161000051746a224073987b930f99adc706', 'width': 320}, {'height': 160, 'url': 'https://i.scdn.co/image/ab6761610000f1786a224073987b930f99adc706', 'width': 160}], 'name': 'Taylor Swift', 'popularity': 100, 'type': 'artist', 'uri': 'spotify:artist:06HL4z0CvFAxyc27GXpf02'}",100,spotify:artist:7iK8PXO48WeuP03g8YR51W,['pop'],LA VIDA ES UNA,0.708,0.0739,0.737,0.00162,0.0955,-4.045,0.0436,91.986,0.607,98,197920,1605456
8,all-american bitch,spotify:track:34sOdxWu9FljH84UXdRwu1,Olivia Rodrigo,"{'external_urls': {'spotify': 'https://open.spotify.com/artist/06HL4z0CvFAxyc27GXpf02'}, 'followers': {'href': None, 'total': 86581288}, 'genres': ['pop'], 'href': 'https://api.spotify.com/v1/artists/06HL4z0CvFAxyc27GXpf02', 'id': '06HL4z0CvFAxyc27GXpf02', 'images': [{'height': 640, 'url': 'https://i.scdn.co/image/ab6761610000e5eb6a224073987b930f99adc706', 'width': 640}, {'height': 320, 'url': 'https://i.scdn.co/image/ab676161000051746a224073987b930f99adc706', 'width': 320}, {'height': 160, 'url': 'https://i.scdn.co/image/ab6761610000f1786a224073987b930f99adc706', 'width': 160}], 'name': 'Taylor Swift', 'popularity': 100, 'type': 'artist', 'uri': 'spotify:artist:06HL4z0CvFAxyc27GXpf02'}",100,spotify:artist:1McMsnEElThX1knmY4oliG,['pop'],GUTS,0.43,0.254,0.692,4.17E-06,0.148,-4.234,0.0429,156.261,0.401,89,165834,27589
9,Dance The Night - From Barbie The Album,spotify:track:1vYXt7VSjH9JIM5oRRo7vA,Dua Lipa,"{'external_urls': {'spotify': 'https://open.spotify.com/artist/06HL4z0CvFAxyc27GXpf02'}, 'followers': {'href': None, 'total': 86581288}, 'genres': ['pop'], 'href': 'https://api.spotify.com/v1/artists/06HL4z0CvFAxyc27GXpf02', 'id': '06HL4z0CvFAxyc27GXpf02', 'images': [{'height': 640, 'url': 'https://i.scdn.co/image/ab6761610000e5eb6a224073987b930f99adc706', 'width': 640}, {'height': 320, 'url': 'https://i.scdn.co/image/ab676161000051746a224073987b930f99adc706', 'width': 320}, {'height': 160, 'url': 'https://i.scdn.co/image/ab6761610000f1786a224073987b930f99adc706', 'width': 160}], 'name': 'Taylor Swift', 'popularity': 100, 'type': 'artist', 'uri': 'spotify:artist:06HL4z0CvFAxyc27GXpf02'}",100,spotify:artist:6M2wZ9GZgrQXHCFfjv46we,['pop'],Dance The Night (From Barbie The Album),0.671,0.0207,0.845,0,0.329,-4.93,0.048,110.056,0.775,96,176579,1794981
10,"What Was I Made For? [From The Motion Picture ""Barbie""]",spotify:track:6wf7Yu7cxBSPrRlWeSeK0Q,Billie Eilish,"{'external_urls': {'spotify': 'https://open.spotify.com/artist/06HL4z0CvFAxyc27GXpf02'}, 'followers': {'href': None, 'total': 86581288}, 'genres': ['pop'], 'href': 'https://api.spotify.com/v1/artists/06HL4z0CvFAxyc27GXpf02', 'id': '06HL4z0CvFAxyc27GXpf02', 'images': [{'height': 640, 'url': 'https://i.scdn.co/image/ab6761610000e5eb6a224073987b930f99adc706', 'width': 640}, {'height': 320, 'url': 'https://i.scdn.co/image/ab676161000051746a224073987b930f99adc706', 'width': 320}, {'height': 160, 'url': 'https://i.scdn.co/image/ab6761610000f1786a224073987b930f99adc706', 'width': 160}], 'name': 'Taylor Swift', 'popularity': 100, 'type': 'artist', 'uri': 'spotify:artist:06HL4z0CvFAxyc27GXpf02'}",100,spotify:artist:6qqNVTkY8uBg9cP3Jd7DAH,['pop'],"What Was I Made For? [From The Motion Picture ""Barbie""]",0.444,0.959,0.0911,1.05E-06,0.098,-17.665,0.0307,78.403,0.142,97,222370,2064418
11,Columbia,spotify:track:6XbtvPmIpyCbjuT0e8cQtp,Quevedo,"{'external_urls': {'spotify': 'https://open.spotify.com/artist/06HL4z0CvFAxyc27GXpf02'}, 'followers': {'href': None, 'total': 86581288}, 'genres': ['pop'], 'href': 'https://api.spotify.com/v1/artists/06HL4z0CvFAxyc27GXpf02', 'id': '06HL4z0CvFAxyc27GXpf02', 'images': [{'height': 640, 'url': 'https://i.scdn.co/image/ab6761610000e5eb6a224073987b930f99adc706', 'width': 640}, {'height': 320, 'url': 'https://i.scdn.co/image/ab676161000051746a224073987b930f99adc706', 'width': 320}, {'height': 160, 'url': 'https://i.scdn.co/image/ab6761610000f1786a224073987b930f99adc706', 'width': 160}], 'name': 'Taylor Swift', 'popularity': 100, 'type': 'artist', 'uri': 'spotify:artist:06HL4z0CvFAxyc27GXpf02'}",100,spotify:artist:52iwsT98xCoGgiGntTiR7K,['pop'],Columbia,0.668,0.369,0.712,2.13E-05,0.108,-5.927,0.0381,100.02,0.264,96,186000,527640
12,Slow Dancing,spotify:track:5h1BN75CEh8wdSwE1xrbSe,V,"{'external_urls': {'spotify': 'https://open.spotify.com/artist/06HL4z0CvFAxyc27GXpf02'}, 'followers': {'href': None, 'total': 86581288}, 'genres': ['pop'], 'href': 'https://api.spotify.com/v1/artists/06HL4z0CvFAxyc27GXpf02', 'id': '06HL4z0CvFAxyc27GXpf02', 'images': [{'height': 640, 'url': 'https://i.scdn.co/image/ab6761610000e5eb6a224073987b930f99adc706', 'width': 640}, {'height': 320, 'url': 'https://i.scdn.co/image/ab676161000051746a224073987b930f99adc706', 'width': 320}, {'height': 160, 'url': 'https://i.scdn.co/image/ab6761610000f1786a224073987b930f99adc706', 'width': 160}], 'name': 'Taylor Swift', 'popularity': 100, 'type': 'artist', 'uri': 'spotify:artist:06HL4z0CvFAxyc27GXpf02'}",100,spotify:artist:3JsHnjpbhX4SnySpvpa9DK,['pop'],Layover,0.579,0.257,0.63,0.00462,0.0986,-7.758,0.058,155.96,0.552,91,187027,111646
13,fukumean,spotify:track:4rXLjWdF2ZZpXCVTfWcshS,Gunna,"{'external_urls': {'spotify': 'https://open.spotify.com/artist/06HL4z0CvFAxyc27GXpf02'}, 'followers': {'href': None, 'total': 86581288}, 'genres': ['pop'], 'href': 'https://api.spotify.com/v1/artists/06HL4z0CvFAxyc27GXpf02', 'id': '06HL4z0CvFAxyc27GXpf02', 'images': [{'height': 640, 'url': 'https://i.scdn.co/image/ab6761610000e5eb6a224073987b930f99adc706', 'width': 640}, {'height': 320, 'url': 'https://i.scdn.co/image/ab676161000051746a224073987b930f99adc706', 'width': 320}, {'height': 160, 'url': 'https://i.scdn.co/image/ab6761610000f1786a224073987b930f99adc706', 'width': 160}], 'name': 'Taylor Swift', 'popularity': 100, 'type': 'artist', 'uri': 'spotify:artist:06HL4z0CvFAxyc27GXpf02'}",100,spotify:artist:2hlmm7s2ICUX0LVIhVFlZQ,['pop'],a Gift & a Curse,0.847,0.119,0.622,0,0.285,-6.747,0.0903,130.001,0.22,96,125040,2189216
14,the grudge,spotify:track:3Nl5OkkmS5DaBZvuYofpAt,Olivia Rodrigo,"{'external_urls': {'spotify': 'https://open.spotify.com/artist/06HL4z0CvFAxyc27GXpf02'}, 'followers': {'href': None, 'total': 86581288}, 'genres': ['pop'], 'href': 'https://api.spotify.com/v1/artists/06HL4z0CvFAxyc27GXpf02', 'id': '06HL4z0CvFAxyc27GXpf02', 'images': [{'height': 640, 'url': 'https://i.scdn.co/image/ab6761610000e5eb6a224073987b930f99adc706', 'width': 640}, {'height': 320, 'url': 'https://i.scdn.co/image/ab676161000051746a224073987b930f99adc706', 'width': 320}, {'height': 160, 'url': 'https://i.scdn.co/image/ab6761610000f1786a224073987b930f99adc706', 'width': 160}], 'name': 'Taylor Swift', 'popularity': 100, 'type': 'artist', 'uri': 'spotify:artist:06HL4z0CvFAxyc27GXpf02'}",100,spotify:artist:1McMsnEElThX1knmY4oliG,['pop'],GUTS,0.548,0.916,0.307,0,0.0828,-9.214,0.0781,127.923,0.317,88,189386,29780
15,making the bed,spotify:track:5CscrLqFBgPfZR8fGtikov,Olivia Rodrigo,"{'external_urls': {'spotify': 'https://open.spotify.com/artist/06HL4z0CvFAxyc27GXpf02'}, 'followers': {'href': None, 'total': 86581288}, 'genres': ['pop'], 'href': 'https://api.spotify.com/v1/artists/06HL4z0CvFAxyc27GXpf02', 'id': '06HL4z0CvFAxyc27GXpf02', 'images': [{'height': 640, 'url': 'https://i.scdn.co/image/ab6761610000e5eb6a224073987b930f99adc706', 'width': 640}, {'height': 320, 'url': 'https://i.scdn.co/image/ab676161000051746a224073987b930f99adc706', 'width': 320}, {'height': 160, 'url': 'https://i.scdn.co/image/ab6761610000f1786a224073987b930f99adc706', 'width': 160}], 'name': 'Taylor Swift', 'popularity': 100, 'type': 'artist', 'uri': 'spotify:artist:06HL4z0CvFAxyc27GXpf02'}",100,spotify:artist:1McMsnEElThX1knmY4oliG,['pop'],GUTS,0.537,0.346,0.413,0,0.12,-7.736,0.0319,133.21,0.226,87,198867,9649
16,ballad of a homeschooled girl,spotify:track:5sp71CUt0jXRNqHblPGp7b,Olivia Rodrigo,"{'external_urls': {'spotify': 'https://open.spotify.com/artist/06HL4z0CvFAxyc27GXpf02'}, 'followers': {'href': None, 'total': 86581288}, 'genres': ['pop'], 'href': 'https://api.spotify.com/v1/artists/06HL4z0CvFAxyc27GXpf02', 'id': '06HL4z0CvFAxyc27GXpf02', 'images': [{'height': 640, 'url': 'https://i.scdn.co/image/ab6761610000e5eb6a224073987b930f99adc706', 'width': 640}, {'height': 320, 'url': 'https://i.scdn.co/image/ab676161000051746a224073987b930f99adc706', 'width': 320}, {'height': 160, 'url': 'https://i.scdn.co/image/ab6761610000f1786a224073987b930f99adc706', 'width': 160}], 'name': 'Taylor Swift', 'popularity': 100, 'type': 'artist', 'uri': 'spotify:artist:06HL4z0CvFAxyc27GXpf02'}",100,spotify:artist:1McMsnEElThX1knmY4oliG,['pop'],GUTS,0.385,0.0557,0.873,0,0.353,-3.331,0.069,120.393,0.469,87,203369,12668
17,logical,spotify:track:53dtP2iUMvaF28JZcHnFuU,Olivia Rodrigo,"{'external_urls': {'spotify': 'https://open.spotify.com/artist/06HL4z0CvFAxyc27GXpf02'}, 'followers': {'href': None, 'total': 86581288}, 'genres': ['pop'], 'href': 'https://api.spotify.com/v1/artists/06HL4z0CvFAxyc27GXpf02', 'id': '06HL4z0CvFAxyc27GXpf02', 'images': [{'height': 640, 'url': 'https://i.scdn.co/image/ab6761610000e5eb6a224073987b930f99adc706', 'width': 640}, {'height': 320, 'url': 'https://i.scdn.co/image/ab676161000051746a224073987b930f99adc706', 'width': 320}, {'height': 160, 'url': 'https://i.scdn.co/image/ab6761610000f1786a224073987b930f99adc706', 'width': 160}], 'name': 'Taylor Swift', 'popularity': 100, 'type': 'artist', 'uri': 'spotify:artist:06HL4z0CvFAxyc27GXpf02'}",100,spotify:artist:1McMsnEElThX1knmY4oliG,['pop'],GUTS,0.499,0.853,0.246,0,0.1,-8.082,0.0345,81.051,0.153,87,231907,9951
18,lacy,spotify:track:6QT6j7rKt7Vk3IuV2AUO9W,Olivia Rodrigo,"{'external_urls': {'spotify': 'https://open.spotify.com/artist/06HL4z0CvFAxyc27GXpf02'}, 'followers': {'href': None, 'total': 86581288}, 'genres': ['pop'], 'href': 'https://api.spotify.com/v1/artists/06HL4z0CvFAxyc27GXpf02', 'id': '06HL4z0CvFAxyc27GXpf02', 'images': [{'height': 640, 'url': 'https://i.scdn.co/image/ab6761610000e5eb6a224073987b930f99adc706', 'width': 640}, {'height': 320, 'url': 'https://i.scdn.co/image/ab676161000051746a224073987b930f99adc706', 'width': 320}, {'height': 160, 'url': 'https://i.scdn.co/image/ab6761610000f1786a224073987b930f99adc706', 'width': 160}], 'name': 'Taylor Swift', 'popularity': 100, 'type': 'artist', 'uri': 'spotify:artist:06HL4z0CvFAxyc27GXpf02'}",100,spotify:artist:1McMsnEElThX1knmY4oliG,['pop'],GUTS,0.455,0.803,0.379,0,0.109,-7.628,0.0341,76.967,0.413,87,177212,8414
19,Daylight,spotify:track:1odExI7RdWc4BT515LTAwj,David Kushner,"{'external_urls': {'spotify': 'https://open.spotify.com/artist/06HL4z0CvFAxyc27GXpf02'}, 'followers': {'href': None, 'total': 86581288}, 'genres': ['pop'], 'href': 'https://api.spotify.com/v1/artists/06HL4z0CvFAxyc27GXpf02', 'id': '06HL4z0CvFAxyc27GXpf02', 'images': [{'height': 640, 'url': 'https://i.scdn.co/image/ab6761610000e5eb6a224073987b930f99adc706', 'width': 640}, {'height': 320, 'url': 'https://i.scdn.co/image/ab676161000051746a224073987b930f99adc706', 'width': 320}, {'height': 160, 'url': 'https://i.scdn.co/image/ab6761610000f1786a224073987b930f99adc706', 'width': 160}], 'name': 'Taylor Swift', 'popularity': 100, 'type': 'artist', 'uri': 'spotify:artist:06HL4z0CvFAxyc27GXpf02'}",100,spotify:artist:33NVpKoXjItPwUJTMZIOiY,['pop'],Daylight,0.508,0.83,0.43,0.000441,0.093,-9.475,0.0335,130.09,0.324,95,212954,5626421
20,LADY GAGA,spotify:track:7mXuWTczZNxG5EDcjFEuJR,Peso Pluma,"{'external_urls': {'spotify': 'https://open.spotify.com/artist/06HL4z0CvFAxyc27GXpf02'}, 'followers': {'href': None, 'total': 86581288}, 'genres': ['pop'], 'href': 'https://api.spotify.com/v1/artists/06HL4z0CvFAxyc27GXpf02', 'id': '06HL4z0CvFAxyc27GXpf02', 'images': [{'height': 640, 'url': 'https://i.scdn.co/image/ab6761610000e5eb6a224073987b930f99adc706', 'width': 640}, {'height': 320, 'url': 'https://i.scdn.co/image/ab676161000051746a224073987b930f99adc706', 'width': 320}, {'height': 160, 'url': 'https://i.scdn.co/image/ab6761610000f1786a224073987b930f99adc706', 'width': 160}], 'name': 'Taylor Swift', 'popularity': 100, 'type': 'artist', 'uri': 'spotify:artist:06HL4z0CvFAxyc27GXpf02'}",100,spotify:artist:12GqGscKJx3aE4t07u7eVZ,['pop'],GÉNESIS,0.646,0.216,0.736,0,0.415,-7.118,0.0449,140.098,0.873,94,212878,928329
21,love is embarrassing,spotify:track:26QLJMK8G0M06sk7h7Fkse,Olivia Rodrigo,"{'external_urls': {'spotify': 'https://open.spotify.com/artist/06HL4z0CvFAxyc27GXpf02'}, 'followers': {'href': None, 'total': 86581288}, 'genres': ['pop'], 'href': 'https://api.spotify.com/v1/artists/06HL4z0CvFAxyc27GXpf02', 'id': '06HL4z0CvFAxyc27GXpf02', 'images': [{'height': 640, 'url': 'https://i.scdn.co/image/ab6761610000e5eb6a224073987b930f99adc706', 'width': 640}, {'height': 320, 'url': 'https://i.scdn.co/image/ab676161000051746a224073987b930f99adc706', 'width': 320}, {'height': 160, 'url': 'https://i.scdn.co/image/ab6761610000f1786a224073987b930f99adc706', 'width': 160}], 'name': 'Taylor Swift', 'popularity': 100, 'type': 'artist', 'uri': 'spotify:artist:06HL4z0CvFAxyc27GXpf02'}",100,spotify:artist:1McMsnEElThX1knmY4oliG,['pop'],GUTS,0.52,0.00261,0.831,0,0.156,-3.432,0.0968,160.035,0.677,87,154517,7663
22,Sprinter,spotify:track:2FDTHlrBguDzQkp7PVj16Q,Dave,"{'external_urls': {'spotify': 'https://open.spotify.com/artist/06HL4z0CvFAxyc27GXpf02'}, 'followers': {'href': None, 'total': 86581288}, 'genres': ['pop'], 'href': 'https://api.spotify.com/v1/artists/06HL4z0CvFAxyc27GXpf02', 'id': '06HL4z0CvFAxyc27GXpf02', 'images': [{'height': 640, 'url': 'https://i.scdn.co/image/ab6761610000e5eb6a224073987b930f99adc706', 'width': 640}, {'height': 320, 'url': 'https://i.scdn.co/image/ab676161000051746a224073987b930f99adc706', 'width': 320}, {'height': 160, 'url': 'https://i.scdn.co/image/ab6761610000f1786a224073987b930f99adc706', 'width': 160}], 'name': 'Taylor Swift', 'popularity': 100, 'type': 'artist', 'uri': 'spotify:artist:06HL4z0CvFAxyc27GXpf02'}",100,spotify:artist:6Ip8FS7vWT1uKkJSweANQK,['pop'],Sprinter,0.916,0.186,0.583,0,0.0798,-8.067,0.241,141.095,0.661,95,226383,2001393
23,I Wanna Be Yours,spotify:track:5XeFesFbtLpXzIVDNQP22n,Arctic Monkeys,"{'external_urls': {'spotify': 'https://open.spotify.com/artist/06HL4z0CvFAxyc27GXpf02'}, 'followers': {'href': None, 'total': 86581288}, 'genres': ['pop'], 'href': 'https://api.spotify.com/v1/artists/06HL4z0CvFAxyc27GXpf02', 'id': '06HL4z0CvFAxyc27GXpf02', 'images': [{'height': 640, 'url': 'https://i.scdn.co/image/ab6761610000e5eb6a224073987b930f99adc706', 'width': 640}, {'height': 320, 'url': 'https://i.scdn.co/image/ab676161000051746a224073987b930f99adc706', 'width': 320}, {'height': 160, 'url': 'https://i.scdn.co/image/ab6761610000f1786a224073987b930f99adc706', 'width': 160}], 'name': 'Taylor Swift', 'popularity': 100, 'type': 'artist', 'uri': 'spotify:artist:06HL4z0CvFAxyc27GXpf02'}",100,spotify:artist:7Ln80lUS6He07XvHI8qqHH,['pop'],AM,0.464,0.136,0.417,0.022,0.0974,-9.345,0.0256,67.528,0.479,94,183956,2948680
24,As It Was,spotify:track:4Dvkj6JhhA12EX05fT7y2e,Harry Styles,"{'external_urls': {'spotify': 'https://open.spotify.com/artist/06HL4z0CvFAxyc27GXpf02'}, 'followers': {'href': None, 'total': 86581288}, 'genres': ['pop'], 'href': 'https://api.spotify.com/v1/artists/06HL4z0CvFAxyc27GXpf02', 'id': '06HL4z0CvFAxyc27GXpf02', 'images': [{'height': 640, 'url': 'https://i.scdn.co/image/ab6761610000e5eb6a224073987b930f99adc706', 'width': 640}, {'height': 320, 'url': 'https://i.scdn.co/image/ab676161000051746a224073987b930f99adc706', 'width': 320}, {'height': 160, 'url': 'https://i.scdn.co/image/ab6761610000f1786a224073987b930f99adc706', 'width': 160}], 'name': 'Taylor Swift', 'popularity': 100, 'type': 'artist', 'uri': 'spotify:artist:06HL4z0CvFAxyc27GXpf02'}",100,spotify:artist:6KImCVD70vtIoJWnq6nGn3,['pop'],Harry's House,0.52,0.342,0.731,0.00101,0.311,-5.338,0.0557,173.93,0.662,92,167303,12977885
25,Love Me Again,spotify:track:2N0SPREDYqILVEFSsWF5N5,V,"{'external_urls': {'spotify': 'https://open.spotify.com/artist/06HL4z0CvFAxyc27GXpf02'}, 'followers': {'href': None, 'total': 86581288}, 'genres': ['pop'], 'href': 'https://api.spotify.com/v1/artists/06HL4z0CvFAxyc27GXpf02', 'id': '06HL4z0CvFAxyc27GXpf02', 'images': [{'height': 640, 'url': 'https://i.scdn.co/image/ab6761610000e5eb6a224073987b930f99adc706', 'width': 640}, {'height': 320, 'url': 'https://i.scdn.co/image/ab676161000051746a224073987b930f99adc706', 'width': 320}, {'height': 160, 'url': 'https://i.scdn.co/image/ab6761610000f1786a224073987b930f99adc706', 'width': 160}], 'name': 'Taylor Swift', 'popularity': 100, 'type': 'artist', 'uri': 'spotify:artist:06HL4z0CvFAxyc27GXpf02'}",100,spotify:artist:3JsHnjpbhX4SnySpvpa9DK,['pop'],Layover,0.633,0.183,0.607,1.38E-06,0.167,-6.182,0.0532,74.029,0.363,93,182293,17244669
26,Kill Bill,spotify:track:1Qrg8KqiBpW07V7PNxwwwL,SZA,"{'external_urls': {'spotify': 'https://open.spotify.com/artist/06HL4z0CvFAxyc27GXpf02'}, 'followers': {'href': None, 'total': 86581288}, 'genres': ['pop'], 'href': 'https://api.spotify.com/v1/artists/06HL4z0CvFAxyc27GXpf02', 'id': '06HL4z0CvFAxyc27GXpf02', 'images': [{'height': 640, 'url': 'https://i.scdn.co/image/ab6761610000e5eb6a224073987b930f99adc706', 'width': 640}, {'height': 320, 'url': 'https://i.scdn.co/image/ab676161000051746a224073987b930f99adc706', 'width': 320}, {'height': 160, 'url': 'https://i.scdn.co/image/ab6761610000f1786a224073987b930f99adc706', 'width': 160}], 'name': 'Taylor Swift', 'popularity': 100, 'type': 'artist', 'uri': 'spotify:artist:06HL4z0CvFAxyc27GXpf02'}",100,spotify:artist:7tYKF4w9nC0nq9CsPZTHyP,['pop'],SOS,0.644,0.0521,0.735,0.144,0.161,-5.747,0.0391,88.98,0.418,91,153947,3867925
27,Flowers,spotify:track:4DHcnVTT87F0zZhRPYmZ3B,Miley Cyrus,"{'external_urls': {'spotify': 'https://open.spotify.com/artist/06HL4z0CvFAxyc27GXpf02'}, 'followers': {'href': None, 'total': 86581288}, 'genres': ['pop'], 'href': 'https://api.spotify.com/v1/artists/06HL4z0CvFAxyc27GXpf02', 'id': '06HL4z0CvFAxyc27GXpf02', 'images': [{'height': 640, 'url': 'https://i.scdn.co/image/ab6761610000e5eb6a224073987b930f99adc706', 'width': 640}, {'height': 320, 'url': 'https://i.scdn.co/image/ab676161000051746a224073987b930f99adc706', 'width': 320}, {'height': 160, 'url': 'https://i.scdn.co/image/ab6761610000f1786a224073987b930f99adc706', 'width': 160}], 'name': 'Taylor Swift', 'popularity': 100, 'type': 'artist', 'uri': 'spotify:artist:06HL4z0CvFAxyc27GXpf02'}",100,spotify:artist:5YGY8feqx7naU7z4HrwZM6,['pop'],Endless Summer Vacation,0.707,0.0632,0.681,5.15E-06,0.0322,-4.325,0.0668,117.999,0.646,94,200455,9650235
28,Strangers,spotify:track:5mjYQaktjmjcMKcUIcqz4s,Kenya Grace,"{'external_urls': {'spotify': 'https://open.spotify.com/artist/06HL4z0CvFAxyc27GXpf02'}, 'followers': {'href': None, 'total': 86581288}, 'genres': ['pop'], 'href': 'https://api.spotify.com/v1/artists/06HL4z0CvFAxyc27GXpf02', 'id': '06HL4z0CvFAxyc27GXpf02', 'images': [{'height': 640, 'url': 'https://i.scdn.co/image/ab6761610000e5eb6a224073987b930f99adc706', 'width': 640}, {'height': 320, 'url': 'https://i.scdn.co/image/ab676161000051746a224073987b930f99adc706', 'width': 320}, {'height': 160, 'url': 'https://i.scdn.co/image/ab6761610000f1786a224073987b930f99adc706', 'width': 160}], 'name': 'Taylor Swift', 'popularity': 100, 'type': 'artist', 'uri': 'spotify:artist:06HL4z0CvFAxyc27GXpf02'}",100,spotify:artist:7uMDnSZyUYNBPLhPMNuaM2,['pop'],Strangers,0.628,0.701,0.523,0.00274,0.219,-8.307,0.0946,169.982,0.416,89,172965,961679
29,I Remember Everything (feat. Kacey Musgraves),spotify:track:4KULAymBBJcPRpk1yO4dOG,Zach Bryan,"{'external_urls': {'spotify': 'https://open.spotify.com/artist/06HL4z0CvFAxyc27GXpf02'}, 'followers': {'href': None, 'total': 86581288}, 'genres': ['pop'], 'href': 'https://api.spotify.com/v1/artists/06HL4z0CvFAxyc27GXpf02', 'id': '06HL4z0CvFAxyc27GXpf02', 'images': [{'height': 640, 'url': 'https://i.scdn.co/image/ab6761610000e5eb6a224073987b930f99adc706', 'width': 640}, {'height': 320, 'url': 'https://i.scdn.co/image/ab676161000051746a224073987b930f99adc706', 'width': 320}, {'height': 160, 'url': 'https://i.scdn.co/image/ab6761610000f1786a224073987b930f99adc706', 'width': 160}], 'name': 'Taylor Swift', 'popularity': 100, 'type': 'artist', 'uri': 'spotify:artist:06HL4z0CvFAxyc27GXpf02'}",100,spotify:artist:40ZNYROS4zLfyyBSs2PGe2,['pop'],Zach Bryan,0.429,0.554,0.453,2.00E-06,0.102,-7.746,0.0459,77.639,0.155,91,227196,171348
30,Que Onda,spotify:track:6uIIdjYTxxpWOyWuVXrKQO,Calle 24,"{'external_urls': {'spotify': 'https://open.spotify.com/artist/06HL4z0CvFAxyc27GXpf02'}, 'followers': {'href': None, 'total': 86581288}, 'genres': ['pop'], 'href': 'https://api.spotify.com/v1/artists/06HL4z0CvFAxyc27GXpf02', 'id': '06HL4z0CvFAxyc27GXpf02', 'images': [{'height': 640, 'url': 'https://i.scdn.co/image/ab6761610000e5eb6a224073987b930f99adc706', 'width': 640}, {'height': 320, 'url': 'https://i.scdn.co/image/ab676161000051746a224073987b930f99adc706', 'width': 320}, {'height': 160, 'url': 'https://i.scdn.co/image/ab6761610000f1786a224073987b930f99adc706', 'width': 160}], 'name': 'Taylor Swift', 'popularity': 100, 'type': 'artist', 'uri': 'spotify:artist:06HL4z0CvFAxyc27GXpf02'}",100,spotify:artist:6dLuQ5qXxIuWc5urxfIiZR,['pop'],Que Onda,0.808,0.183,0.944,1.11E-06,0.138,-4.863,0.0408,124.934,0.937,89,191467,425231
31,Super Shy,spotify:track:5sdQOyqq2IDhvmx2lHOpwd,NewJeans,"{'external_urls': {'spotify': 'https://open.spotify.com/artist/06HL4z0CvFAxyc27GXpf02'}, 'followers': {'href': None, 'total': 86581288}, 'genres': ['pop'], 'href': 'https://api.spotify.com/v1/artists/06HL4z0CvFAxyc27GXpf02', 'id': '06HL4z0CvFAxyc27GXpf02', 'images': [{'height': 640, 'url': 'https://i.scdn.co/image/ab6761610000e5eb6a224073987b930f99adc706', 'width': 640}, {'height': 320, 'url': 'https://i.scdn.co/image/ab676161000051746a224073987b930f99adc706', 'width': 320}, {'height': 160, 'url': 'https://i.scdn.co/image/ab6761610000f1786a224073987b930f99adc706', 'width': 160}], 'name': 'Taylor Swift', 'popularity': 100, 'type': 'artist', 'uri': 'spotify:artist:06HL4z0CvFAxyc27GXpf02'}",100,spotify:artist:6HvZYsbFfjnjFrWF950C9d,['pop'],NewJeans 'Super Shy',0.776,0.18,0.817,3.44E-05,0.146,-6.018,0.0748,149.921,0.515,93,154667,267057
32,pretty isn’t pretty,spotify:track:6W9l02gRsXVxzIuQC1oc1X,Olivia Rodrigo,"{'external_urls': {'spotify': 'https://open.spotify.com/artist/06HL4z0CvFAxyc27GXpf02'}, 'followers': {'href': None, 'total': 86581288}, 'genres': ['pop'], 'href': 'https://api.spotify.com/v1/artists/06HL4z0CvFAxyc27GXpf02', 'id': '06HL4z0CvFAxyc27GXpf02', 'images': [{'height': 640, 'url': 'https://i.scdn.co/image/ab6761610000e5eb6a224073987b930f99adc706', 'width': 640}, {'height': 320, 'url': 'https://i.scdn.co/image/ab676161000051746a224073987b930f99adc706', 'width': 320}, {'height': 160, 'url': 'https://i.scdn.co/image/ab6761610000f1786a224073987b930f99adc706', 'width': 160}], 'name': 'Taylor Swift', 'popularity': 100, 'type': 'artist', 'uri': 'spotify:artist:06HL4z0CvFAxyc27GXpf02'}",100,spotify:artist:1McMsnEElThX1knmY4oliG,['pop'],GUTS,0.554,0.00394,0.854,1.78E-06,0.0798,-4.338,0.0561,123.926,0.594,86,199422,8402
33,Classy 101,spotify:track:6XSqqQIy7Lm7SnwxS4NrGx,Feid,"{'external_urls': {'spotify': 'https://open.spotify.com/artist/06HL4z0CvFAxyc27GXpf02'}, 'followers': {'href': None, 'total': 86581288}, 'genres': ['pop'], 'href': 'https://api.spotify.com/v1/artists/06HL4z0CvFAxyc27GXpf02', 'id': '06HL4z0CvFAxyc27GXpf02', 'images': [{'height': 640, 'url': 'https://i.scdn.co/image/ab6761610000e5eb6a224073987b930f99adc706', 'width': 640}, {'height': 320, 'url': 'https://i.scdn.co/image/ab676161000051746a224073987b930f99adc706', 'width': 320}, {'height': 160, 'url': 'https://i.scdn.co/image/ab6761610000f1786a224073987b930f99adc706', 'width': 160}], 'name': 'Taylor Swift', 'popularity': 100, 'type': 'artist', 'uri': 'spotify:artist:06HL4z0CvFAxyc27GXpf02'}",100,spotify:artist:2LRoIwlKmHjgvigdNGBHNo,['pop'],Classy 101,0.859,0.145,0.658,0,0.12,-4.79,0.159,100.065,0.672,94,195987,1153418
34,WHERE SHE GOES,spotify:track:7ro0hRteUMfnOioTFI5TG1,Bad Bunny,"{'external_urls': {'spotify': 'https://open.spotify.com/artist/06HL4z0CvFAxyc27GXpf02'}, 'followers': {'href': None, 'total': 86581288}, 'genres': ['pop'], 'href': 'https://api.spotify.com/v1/artists/06HL4z0CvFAxyc27GXpf02', 'id': '06HL4z0CvFAxyc27GXpf02', 'images': [{'height': 640, 'url': 'https://i.scdn.co/image/ab6761610000e5eb6a224073987b930f99adc706', 'width': 640}, {'height': 320, 'url': 'https://i.scdn.co/image/ab676161000051746a224073987b930f99adc706', 'width': 320}, {'height': 160, 'url': 'https://i.scdn.co/image/ab6761610000f1786a224073987b930f99adc706', 'width': 160}], 'name': 'Taylor Swift', 'popularity': 100, 'type': 'artist', 'uri': 'spotify:artist:06HL4z0CvFAxyc27GXpf02'}",100,spotify:artist:4q3ewBCX7sLwd24euuV69X,['pop'],WHERE SHE GOES,0.652,0.143,0.8,0.629,0.112,-4.019,0.0614,143.978,0.234,94,231704,1592392
35,Prada,spotify:track:59NraMJsLaMCVtwXTSia8i,cassö,"{'external_urls': {'spotify': 'https://open.spotify.com/artist/06HL4z0CvFAxyc27GXpf02'}, 'followers': {'href': None, 'total': 86581288}, 'genres': ['pop'], 'href': 'https://api.spotify.com/v1/artists/06HL4z0CvFAxyc27GXpf02', 'id': '06HL4z0CvFAxyc27GXpf02', 'images': [{'height': 640, 'url': 'https://i.scdn.co/image/ab6761610000e5eb6a224073987b930f99adc706', 'width': 640}, {'height': 320, 'url': 'https://i.scdn.co/image/ab676161000051746a224073987b930f99adc706', 'width': 320}, {'height': 160, 'url': 'https://i.scdn.co/image/ab6761610000f1786a224073987b930f99adc706', 'width': 160}], 'name': 'Taylor Swift', 'popularity': 100, 'type': 'artist', 'uri': 'spotify:artist:06HL4z0CvFAxyc27GXpf02'}",100,spotify:artist:5wCmhq5J2hPwL2r0eKurxn,['pop'],Prada,0.638,0.001,0.717,1.79E-06,0.113,-5.804,0.0375,141.904,0.422,91,132359,983179
36,La Bebe - Remix,spotify:track:2UW7JaomAMuX9pZrjVpHAU,Yng Lvcas,"{'external_urls': {'spotify': 'https://open.spotify.com/artist/06HL4z0CvFAxyc27GXpf02'}, 'followers': {'href': None, 'total': 86581288}, 'genres': ['pop'], 'href': 'https://api.spotify.com/v1/artists/06HL4z0CvFAxyc27GXpf02', 'id': '06HL4z0CvFAxyc27GXpf02', 'images': [{'height': 640, 'url': 'https://i.scdn.co/image/ab6761610000e5eb6a224073987b930f99adc706', 'width': 640}, {'height': 320, 'url': 'https://i.scdn.co/image/ab676161000051746a224073987b930f99adc706', 'width': 320}, {'height': 160, 'url': 'https://i.scdn.co/image/ab6761610000f1786a224073987b930f99adc706', 'width': 160}], 'name': 'Taylor Swift', 'popularity': 100, 'type': 'artist', 'uri': 'spotify:artist:06HL4z0CvFAxyc27GXpf02'}",100,spotify:artist:1NNRWkhwmcXRimFYSBpB1y,['pop'],La Bebe (Remix),0.812,0.213,0.479,1.21E-06,0.0756,-5.678,0.333,169.922,0.559,94,234353,2127621
37,Chaleya,spotify:track:3xMHXmedL5Rvfxmiar9Ryv,Anirudh Ravichander,"{'external_urls': {'spotify': 'https://open.spotify.com/artist/06HL4z0CvFAxyc27GXpf02'}, 'followers': {'href': None, 'total': 86581288}, 'genres': ['pop'], 'href': 'https://api.spotify.com/v1/artists/06HL4z0CvFAxyc27GXpf02', 'id': '06HL4z0CvFAxyc27GXpf02', 'images': [{'height': 640, 'url': 'https://i.scdn.co/image/ab6761610000e5eb6a224073987b930f99adc706', 'width': 640}, {'height': 320, 'url': 'https://i.scdn.co/image/ab676161000051746a224073987b930f99adc706', 'width': 320}, {'height': 160, 'url': 'https://i.scdn.co/image/ab6761610000f1786a224073987b930f99adc706', 'width': 160}], 'name': 'Taylor Swift', 'popularity': 100, 'type': 'artist', 'uri': 'spotify:artist:06HL4z0CvFAxyc27GXpf02'}",100,spotify:artist:4zCH9qm4R2DADamUHMCa6O,['pop'],Jawan,0.575,0.393,0.845,0.0107,0.131,-5.28,0.0852,95.047,0.439,75,200374,120014
38,Barbie World (with Aqua) [From Barbie The Album],spotify:track:741UUVE2kuITl0c6zuqqbO,Nicki Minaj,"{'external_urls': {'spotify': 'https://open.spotify.com/artist/06HL4z0CvFAxyc27GXpf02'}, 'followers': {'href': None, 'total': 86581288}, 'genres': ['pop'], 'href': 'https://api.spotify.com/v1/artists/06HL4z0CvFAxyc27GXpf02', 'id': '06HL4z0CvFAxyc27GXpf02', 'images': [{'height': 640, 'url': 'https://i.scdn.co/image/ab6761610000e5eb6a224073987b930f99adc706', 'width': 640}, {'height': 320, 'url': 'https://i.scdn.co/image/ab676161000051746a224073987b930f99adc706', 'width': 320}, {'height': 160, 'url': 'https://i.scdn.co/image/ab6761610000f1786a224073987b930f99adc706', 'width': 160}], 'name': 'Taylor Swift', 'popularity': 100, 'type': 'artist', 'uri': 'spotify:artist:06HL4z0CvFAxyc27GXpf02'}",100,spotify:artist:0hCNtLu0JehylgoiP8L4Gh,['pop'],Barbie World (with Aqua) [From Barbie The Album],0.77,0.519,0.58,0.000127,0.233,-8.393,0.247,144.072,0.753,93,109750,1126650
39,Primera Cita,spotify:track:25OeKzcqakFPaJlXHPE5lm,Carin Leon,"{'external_urls': {'spotify': 'https://open.spotify.com/artist/06HL4z0CvFAxyc27GXpf02'}, 'followers': {'href': None, 'total': 86581288}, 'genres': ['pop'], 'href': 'https://api.spotify.com/v1/artists/06HL4z0CvFAxyc27GXpf02', 'id': '06HL4z0CvFAxyc27GXpf02', 'images': [{'height': 640, 'url': 'https://i.scdn.co/image/ab6761610000e5eb6a224073987b930f99adc706', 'width': 640}, {'height': 320, 'url': 'https://i.scdn.co/image/ab676161000051746a224073987b930f99adc706', 'width': 320}, {'height': 160, 'url': 'https://i.scdn.co/image/ab6761610000f1786a224073987b930f99adc706', 'width': 160}], 'name': 'Taylor Swift', 'popularity': 100, 'type': 'artist', 'uri': 'spotify:artist:06HL4z0CvFAxyc27GXpf02'}",100,spotify:artist:66ihevNkSYNzRAl44dx6jJ,['pop'],Colmillo De Leche,0.535,0.597,0.395,6.78E-05,0.0969,-7.805,0.0634,157.795,0.488,85,186456,1169341
40,Popular (with Playboi Carti & Madonna) - Music from the HBO Original Series,spotify:track:6WzRpISELf3YglGAh7TXcG,The Weeknd,"{'external_urls': {'spotify': 'https://open.spotify.com/artist/06HL4z0CvFAxyc27GXpf02'}, 'followers': {'href': None, 'total': 86581288}, 'genres': ['pop'], 'href': 'https://api.spotify.com/v1/artists/06HL4z0CvFAxyc27GXpf02', 'id': '06HL4z0CvFAxyc27GXpf02', 'images': [{'height': 640, 'url': 'https://i.scdn.co/image/ab6761610000e5eb6a224073987b930f99adc706', 'width': 640}, {'height': 320, 'url': 'https://i.scdn.co/image/ab676161000051746a224073987b930f99adc706', 'width': 320}, {'height': 160, 'url': 'https://i.scdn.co/image/ab6761610000f1786a224073987b930f99adc706', 'width': 160}], 'name': 'Taylor Swift', 'popularity': 100, 'type': 'artist', 'uri': 'spotify:artist:06HL4z0CvFAxyc27GXpf02'}",100,spotify:artist:1Xyo4u8uXC1ZmMpatF05PJ,['pop'],Popular (Music from the HBO Original Series),0.855,0.0569,0.678,3.69E-05,0.412,-6.276,0.189,99.029,0.852,93,215467,3098134
41,Holanda,spotify:track:6irysuQyZWd7Bjj7ePiOs2,Jhayco,"{'external_urls': {'spotify': 'https://open.spotify.com/artist/06HL4z0CvFAxyc27GXpf02'}, 'followers': {'href': None, 'total': 86581288}, 'genres': ['pop'], 'href': 'https://api.spotify.com/v1/artists/06HL4z0CvFAxyc27GXpf02', 'id': '06HL4z0CvFAxyc27GXpf02', 'images': [{'height': 640, 'url': 'https://i.scdn.co/image/ab6761610000e5eb6a224073987b930f99adc706', 'width': 640}, {'height': 320, 'url': 'https://i.scdn.co/image/ab676161000051746a224073987b930f99adc706', 'width': 320}, {'height': 160, 'url': 'https://i.scdn.co/image/ab6761610000f1786a224073987b930f99adc706', 'width': 160}], 'name': 'Taylor Swift', 'popularity': 100, 'type': 'artist', 'uri': 'spotify:artist:06HL4z0CvFAxyc27GXpf02'}",100,spotify:artist:6nVcHLIgY5pE2YCl8ubca1,['pop'],Holanda,0.831,0.277,0.759,0,0.125,-3.627,0.0502,107.961,0.244,92,231693,243092
42,Heeriye (feat. Arijit Singh),spotify:track:5PUXKVVVQ74C3gl5vKy9Li,Jasleen Royal,"{'external_urls': {'spotify': 'https://open.spotify.com/artist/06HL4z0CvFAxyc27GXpf02'}, 'followers': {'href': None, 'total': 86581288}, 'genres': ['pop'], 'href': 'https://api.spotify.com/v1/artists/06HL4z0CvFAxyc27GXpf02', 'id': '06HL4z0CvFAxyc27GXpf02', 'images': [{'height': 640, 'url': 'https://i.scdn.co/image/ab6761610000e5eb6a224073987b930f99adc706', 'width': 640}, {'height': 320, 'url': 'https://i.scdn.co/image/ab676161000051746a224073987b930f99adc706', 'width': 320}, {'height': 160, 'url': 'https://i.scdn.co/image/ab6761610000f1786a224073987b930f99adc706', 'width': 160}], 'name': 'Taylor Swift', 'popularity': 100, 'type': 'artist', 'uri': 'spotify:artist:06HL4z0CvFAxyc27GXpf02'}",100,spotify:artist:74OaRjmyh0XyRZsQQQ5l7c,['pop'],Heeriye (feat. Arijit Singh),0.728,0.516,0.494,0.00384,0.0759,-9.628,0.0256,105.007,0.558,89,194857,254368
43,Starboy,spotify:track:7MXVkk9YMctZqd1Srtv4MB,The Weeknd,"{'external_urls': {'spotify': 'https://open.spotify.com/artist/06HL4z0CvFAxyc27GXpf02'}, 'followers': {'href': None, 'total': 86581288}, 'genres': ['pop'], 'href': 'https://api.spotify.com/v1/artists/06HL4z0CvFAxyc27GXpf02', 'id': '06HL4z0CvFAxyc27GXpf02', 'images': [{'height': 640, 'url': 'https://i.scdn.co/image/ab6761610000e5eb6a224073987b930f99adc706', 'width': 640}, {'height': 320, 'url': 'https://i.scdn.co/image/ab676161000051746a224073987b930f99adc706', 'width': 320}, {'height': 160, 'url': 'https://i.scdn.co/image/ab6761610000f1786a224073987b930f99adc706', 'width': 160}], 'name': 'Taylor Swift', 'popularity': 100, 'type': 'artist', 'uri': 'spotify:artist:06HL4z0CvFAxyc27GXpf02'}",100,spotify:artist:1Xyo4u8uXC1ZmMpatF05PJ,['pop'],Starboy,0.679,0.141,0.587,6.35E-06,0.137,-7.015,0.276,186.003,0.486,92,230453,14625507
44,(It Goes Like) Nanana - Edit,spotify:track:23RoR84KodL5HWvUTneQ1w,Peggy Gou,"{'external_urls': {'spotify': 'https://open.spotify.com/artist/06HL4z0CvFAxyc27GXpf02'}, 'followers': {'href': None, 'total': 86581288}, 'genres': ['pop'], 'href': 'https://api.spotify.com/v1/artists/06HL4z0CvFAxyc27GXpf02', 'id': '06HL4z0CvFAxyc27GXpf02', 'images': [{'height': 640, 'url': 'https://i.scdn.co/image/ab6761610000e5eb6a224073987b930f99adc706', 'width': 640}, {'height': 320, 'url': 'https://i.scdn.co/image/ab676161000051746a224073987b930f99adc706', 'width': 320}, {'height': 160, 'url': 'https://i.scdn.co/image/ab6761610000f1786a224073987b930f99adc706', 'width': 160}], 'name': 'Taylor Swift', 'popularity': 100, 'type': 'artist', 'uri': 'spotify:artist:06HL4z0CvFAxyc27GXpf02'}",100,spotify:artist:2mLA48B366zkELXYx7hcDN,['pop'],(It Goes Like) Nanana [Edit],0.671,0.12,0.876,0.188,0.0823,-5.681,0.0352,129.998,0.964,93,231545,5041491
45,MI EX TENÍA RAZÓN,spotify:track:54zcJnb3tp9c5OVKREZ1Is,KAROL G,"{'external_urls': {'spotify': 'https://open.spotify.com/artist/06HL4z0CvFAxyc27GXpf02'}, 'followers': {'href': None, 'total': 86581288}, 'genres': ['pop'], 'href': 'https://api.spotify.com/v1/artists/06HL4z0CvFAxyc27GXpf02', 'id': '06HL4z0CvFAxyc27GXpf02', 'images': [{'height': 640, 'url': 'https://i.scdn.co/image/ab6761610000e5eb6a224073987b930f99adc706', 'width': 640}, {'height': 320, 'url': 'https://i.scdn.co/image/ab676161000051746a224073987b930f99adc706', 'width': 320}, {'height': 160, 'url': 'https://i.scdn.co/image/ab6761610000f1786a224073987b930f99adc706', 'width': 160}], 'name': 'Taylor Swift', 'popularity': 100, 'type': 'artist', 'uri': 'spotify:artist:06HL4z0CvFAxyc27GXpf02'}",100,spotify:artist:790FomKkXshlbRYZFtlgla,['pop'],MAÑANA SERÁ BONITO (BICHOTA SEASON),0.634,0.0776,0.725,0,0.211,-4.945,0.0587,159.845,0.795,87,154375,277655
46,un x100to,spotify:track:2yzshFeBIwH8tWIqHEFLeD,Grupo Frontera,"{'external_urls': {'spotify': 'https://open.spotify.com/artist/06HL4z0CvFAxyc27GXpf02'}, 'followers': {'href': None, 'total': 86581288}, 'genres': ['pop'], 'href': 'https://api.spotify.com/v1/artists/06HL4z0CvFAxyc27GXpf02', 'id': '06HL4z0CvFAxyc27GXpf02', 'images': [{'height': 640, 'url': 'https://i.scdn.co/image/ab6761610000e5eb6a224073987b930f99adc706', 'width': 640}, {'height': 320, 'url': 'https://i.scdn.co/image/ab676161000051746a224073987b930f99adc706', 'width': 320}, {'height': 160, 'url': 'https://i.scdn.co/image/ab6761610000f1786a224073987b930f99adc706', 'width': 160}], 'name': 'Taylor Swift', 'popularity': 100, 'type': 'artist', 'uri': 'spotify:artist:06HL4z0CvFAxyc27GXpf02'}",100,spotify:artist:6XkjpgcEsYab502Vr1bBeW,['pop'],El Comienzo,0.571,0.213,0.72,0,0.271,-4.089,0.0458,83.827,0.542,81,194563,1751892
47,Style,spotify:track:4lIxdJw6W3Fg4vUIYCB0S5,Taylor Swift,"{'external_urls': {'spotify': 'https://open.spotify.com/artist/06HL4z0CvFAxyc27GXpf02'}, 'followers': {'href': None, 'total': 86581288}, 'genres': ['pop'], 'href': 'https://api.spotify.com/v1/artists/06HL4z0CvFAxyc27GXpf02', 'id': '06HL4z0CvFAxyc27GXpf02', 'images': [{'height': 640, 'url': 'https://i.scdn.co/image/ab6761610000e5eb6a224073987b930f99adc706', 'width': 640}, {'height': 320, 'url': 'https://i.scdn.co/image/ab676161000051746a224073987b930f99adc706', 'width': 320}, {'height': 160, 'url': 'https://i.scdn.co/image/ab6761610000f1786a224073987b930f99adc706', 'width': 160}], 'name': 'Taylor Swift', 'popularity': 100, 'type': 'artist', 'uri': 'spotify:artist:06HL4z0CvFAxyc27GXpf02'}",100,spotify:artist:06HL4z0CvFAxyc27GXpf02,['pop'],1989,0.598,0.00253,0.786,0.0016,0.117,-5.572,0.0383,95.019,0.456,82,231000,6401679
48,teenage dream,spotify:track:7fesNTgTEMEH0ye8MOgEDY,Olivia Rodrigo,"{'external_urls': {'spotify': 'https://open.spotify.com/artist/06HL4z0CvFAxyc27GXpf02'}, 'followers': {'href': None, 'total': 86581288}, 'genres': ['pop'], 'href': 'https://api.spotify.com/v1/artists/06HL4z0CvFAxyc27GXpf02', 'id': '06HL4z0CvFAxyc27GXpf02', 'images': [{'height': 640, 'url': 'https://i.scdn.co/image/ab6761610000e5eb6a224073987b930f99adc706', 'width': 640}, {'height': 320, 'url': 'https://i.scdn.co/image/ab676161000051746a224073987b930f99adc706', 'width': 320}, {'height': 160, 'url': 'https://i.scdn.co/image/ab6761610000f1786a224073987b930f99adc706', 'width': 160}], 'name': 'Taylor Swift', 'popularity': 100, 'type': 'artist', 'uri': 'spotify:artist:06HL4z0CvFAxyc27GXpf02'}",100,spotify:artist:1McMsnEElThX1knmY4oliG,['pop'],GUTS,0.422,0.816,0.229,0,0.109,-10.208,0.0362,135.82,0.104,85,222358,3110627
49,Blank Space,spotify:track:1p80LdxRV74UKvL8gnD7ky,Taylor Swift,"{'external_urls': {'spotify': 'https://open.spotify.com/artist/06HL4z0CvFAxyc27GXpf02'}, 'followers': {'href': None, 'total': 86581288}, 'genres': ['pop'], 'href': 'https://api.spotify.com/v1/artists/06HL4z0CvFAxyc27GXpf02', 'id': '06HL4z0CvFAxyc27GXpf02', 'images': [{'height': 640, 'url': 'https://i.scdn.co/image/ab6761610000e5eb6a224073987b930f99adc706', 'width': 640}, {'height': 320, 'url': 'https://i.scdn.co/image/ab676161000051746a224073987b930f99adc706', 'width': 320}, {'height': 160, 'url': 'https://i.scdn.co/image/ab6761610000f1786a224073987b930f99adc706', 'width': 160}], 'name': 'Taylor Swift', 'popularity': 100, 'type': 'artist', 'uri': 'spotify:artist:06HL4z0CvFAxyc27GXpf02'}",100,spotify:artist:06HL4z0CvFAxyc27GXpf02,['pop'],1989,0.753,0.085,0.678,1.64E-06,0.13,-5.421,0.0644,96.006,0.583,82,231827,11608523
